Workbook

Sheet Main
H1: Total Portfolio Value | J1: $ Day Change (Total) | L1: Gain/(Loss)
H2: =SUM(_xlfn.ANCHORARRAY(H8)) -> 106750.16 | J2: =SUM(_xlfn.ANCHORARRAY(J8)) -> -646.74 | L2: =SUM(_xlfn.ANCHORARRAY(K8)) -> -8561.655
B6: Current Holdings
B7: Company | C7: Ticker | D7: Industry | F7: Quantity | G7: Current Price | H7: Market Value | I7: % Breakdown | J7: $ Day Change | K7: Gain (Loss) | L7: 52 Week High | M7: 52 Week Low
B8: {=_xlfn.UNIQUE(Table_1[Equity/Stock])} -> #VALUE! | C8: {=_FV(_xlfn.ANCHORARRAY(B8),"Ticker symbol",TRUE)} -> TSLA | D8: {=_FV(_xlfn.ANCHORARRAY(B8),"Industry")} -> Automobiles & Auto Parts | F8: {=SUMIF(Table_1[Equity/Stock],_xlfn.ANCHORARRAY(Main!B8),Table_1[Units])} -> 30 | G8: {=_FV(_xlfn.ANCHORARRAY(B8),"Price")} -> 346.3 | H8: {=_xlfn.ANCHORARRAY(G8)*_xlfn.ANCHORARRAY(F8)} -> 10389 | I8: =H8/SUM(_xlfn.ANCHORARRAY(H8)) -> 0.097320697 | J8: {=(_xlfn.ANCHORARRAY(G8)-_FV(_xlfn.ANCHORARRAY(B8),"Previous close",TRUE))*_xlfn.ANCHORARRAY(F8)} -> 20.4 | K8: {=_xlfn.ANCHORARRAY(H8)-SUMIF(Table_1[Equity/Stock],_xlfn.ANCHORARRAY(Main!B8),Table_1[Total Transaction Amount (Market Value)])} -> -2356.2 | L8: {=_FV(_xlfn.ANCHORARRAY(B8),"52 week high",TRUE)} -> 498.83 | M8: {=_FV(_xlfn.ANCHORARRAY(B8),"52 week low",TRUE)} -> 222.79
B9: #VALUE! | C9: NFLX | D9: Software & IT Services | F9: 20 | G9: 102.19 | H9: 2043.8 | I9: =H9/SUM(_xlfn.ANCHORARRAY($H$8)) -> 0.019145639 | J9: 2.8 | K9: 2261.885 | L9: 134.115 | M9: 75.01
B10: #VALUE! | C10: BRK.B | D10: Consumer Goods Conglomerates | F10: 50 | G10: 480 | H10: 24000 | I10: =H10/SUM(_xlfn.ANCHORARRAY($H$8)) -> 0.22482402 | J10: -260 | K10: -1876.5 | L10: 542.07 | M10: 455.185
B11: #VALUE! | C11: AXP | D11: Banking Services | F11: 30 | G11: 314.45 | H11: 9433.5 | I11: =H11/SUM(_xlfn.ANCHORARRAY($H$8)) -> 0.088369891 | J11: -99.6 | K11: 438 | L11: 387.49 | M11: 238.5196
B12: #VALUE! | C12: MSFT | D12: Software & IT Services | F12: 20 | G12: 371.41 | H12: 7428.2 | I12: =H12/SUM(_xlfn.ANCHORARRAY($H$8)) -> 0.069584907 | J12: -33.2 | K12: -3023 | L12: 555.45 | M12: 355.67
B13: #VALUE! | C13: BLK | D13: Investment Banking & Investment Services | F13: 15 | G13: 999.35 | H13: 14990.25 | I13: =H13/SUM(_xlfn.ANCHORARRAY($H$8)) -> 0.14042368 | J13: -34.05 | K13: -1897.65 | L13: 1219.9399 | M13: 833.095
B14: #VALUE! | C14: GS | D14: Investment Banking & Investment Services | F14: 20 | G14: 906.75 | H14: 18135 | I14: =H14/SUM(_xlfn.ANCHORARRAY($H$8)) -> 0.16988265 | J14: 60.6 | K14: 2326.2 | L14: 984.7 | M14: 474
B15: #VALUE! | C15: V | D15: Professional & Commercial Services | F15: 50 | G15: 304.5922 | H15: 15229.61 | I15: =H15/SUM(_xlfn.ANCHORARRAY($H$8)) -> 0.14266592 | J15: -184.89 | K15: -2454.39 | L15: 375.51 | M15: 293.89
B16: #VALUE! | C16: PLTR | D16: Software & IT Services | F16: 40 | G16: 127.52 | H16: 5100.8 | I16: =H16/SUM(_xlfn.ANCHORARRAY($H$8)) -> 0.047782598 | J16: -118.8 | K16: -1980 | L16: 207.52 | M16: 84.14
B24: Portfolio Breakdown | E24: Gain / (Loss) Breakdown | I24: Historical Performance
I26: Stock Lookup -> | J26: NFLX | L26: Time Period (months) -> | M26: 3
I48: Comparison -> | J48: TSLA
I50: =M26&" Month Trailing Closing Prices" -> 3 Month Trailing Closing Prices

Sheet Transactions
B1: Equity Transactions or Liquidations Database
B2: Date | C2: Equity/Stock | D2: Ticker | E2: Transaction Type | F2: Units | G2: Price | H2: Total Transaction Amount (Market Value) | I2: Currency
B3: 45638 | C3: #VALUE! | D3: {=_FV(Transactions!$C3,"Ticker symbol",TRUE)} -> TSLA | E3: BUY | F3: 30 | G3: {=_xlfn.STOCKHISTORY(Table_1[[#This Row],[Equity/Stock]],Table_1[[#This Row],[Date]],Table_1[[#This Row],[Date]],0,0,2)} -> 424.84 | H3: =Transactions!$G3*Transactions!$F3 -> 12745.2 | I3: USD
B4: 45754 | C4: #VALUE! | D4: {=_FV(Transactions!$C4,"Ticker symbol",TRUE)} -> NFLX | E4: BUY | F4: 70 | G4: {=_xlfn.STOCKHISTORY(Table_1[[#This Row],[Equity/Stock]],Table_1[[#This Row],[Date]],Table_1[[#This Row],[Date]],0,0,2)} -> 82.7845 | H4: =Transactions!$G4*Transactions!$F4 -> 5794.915 | I4: =I3 -> USD
B5: 45768 | C5: #VALUE! | D5: {=_FV(Transactions!$C5,"Ticker symbol",TRUE)} -> BRK.B | E5: BUY | F5: 50 | G5: {=_xlfn.STOCKHISTORY(Table_1[[#This Row],[Equity/Stock]],Table_1[[#This Row],[Date]],Table_1[[#This Row],[Date]],0,0,2)} -> 517.53 | H5: =Transactions!$G5*Transactions!$F5 -> 25876.5 | I5: =I4 -> USD
B6: 45819 | C6: #VALUE! | D6: {=_FV(Transactions!$C6,"Ticker symbol",TRUE)} -> NFLX | E6: SELL | F6: -50 | G6: {=_xlfn.STOCKHISTORY(Table_1[[#This Row],[Equity/Stock]],Table_1[[#This Row],[Date]],Table_1[[#This Row],[Date]],0,0,2)} -> 120.26 | H6: =Transactions!$G6*Transactions!$F6 -> -6013 | I6: =I5 -> USD
B7: 45874 | C7: #VALUE! | D7: {=_FV(Transactions!$C7,"Ticker symbol",TRUE)} -> AXP | E7: BUY | F7: 30 | G7: {=_xlfn.STOCKHISTORY(Table_1[[#This Row],[Equity/Stock]],Table_1[[#This Row],[Date]],Table_1[[#This Row],[Date]],0,0,2)} -> 299.85 | H7: =Transactions!$G7*Transactions!$F7 -> 8995.5 | I7: =I6 -> USD
B8: 45883 | C8: #VALUE! | D8: {=_FV(Transactions!$C8,"Ticker symbol",TRUE)} -> MSFT | E8: BUY | F8: 20 | G8: {=_xlfn.STOCKHISTORY(Table_1[[#This Row],[Equity/Stock]],Table_1[[#This Row],[Date]],Table_1[[#This Row],[Date]],0,0,2)} -> 522.56 | H8: =Transactions!$G8*Transactions!$F8 -> 10451.2 | I8: =I7 -> USD
B9: 45889 | C9: #VALUE! | D9: {=_FV(Transactions!$C9,"Ticker symbol",TRUE)} -> BLK | E9: BUY | F9: 15 | G9: {=_xlfn.STOCKHISTORY(Table_1[[#This Row],[Equity/Stock]],Table_1[[#This Row],[Date]],Table_1[[#This Row],[Date]],0,0,2)} -> 1125.86 | H9: =Transactions!$G9*Transactions!$F9 -> 16887.9 | I9: =I8 -> USD
B10: 45966 | C10: #VALUE! | D10: {=_FV(Transactions!$C10,"Ticker symbol",TRUE)} -> GS | E10: BUY | F10: 20 | G10: {=_xlfn.STOCKHISTORY(Table_1[[#This Row],[Equity/Stock]],Table_1[[#This Row],[Date]],Table_1[[#This Row],[Date]],0,0,2)} -> 790.44 | H10: =Transactions!$G10*Transactions!$F10 -> 15808.8 | I10: =I9 -> USD
B11: 46028 | C11: #VALUE! | D11: {=_FV(Table_1[[#This Row],[Equity/Stock]],"Ticker symbol",TRUE)} -> V | E11: BUY | F11: 50 | G11: {=_xlfn.STOCKHISTORY(Table_1[[#This Row],[Equity/Stock]],Table_1[[#This Row],[Date]],Table_1[[#This Row],[Date]],0,0,2)} -> 353.68 | H11: =Transactions!$G11*Transactions!$F11 -> 17684 | I11: USD
B12: 46031 | C12: #VALUE! | D12: {=_FV(Table_1[[#This Row],[Equity/Stock]],"Ticker symbol",TRUE)} -> PLTR | E12: BUY | F12: 40 | G12: {=_xlfn.STOCKHISTORY(Table_1[[#This Row],[Equity/Stock]],Table_1[[#This Row],[Date]],Table_1[[#This Row],[Date]],0,0,2)} -> 177.02 | H12: =Transactions!$G12*Transactions!$F12 -> 7080.8 | I12: USD

Sheet Charting
B2: Actual | E2: Comparison
B4: Ticker -> | C4: =Main!J26 -> NFLX | E4: Company -> | F4: =Main!J48 -> TSLA
B5: Months -> | C5: =Main!M26 -> 3 | E5: Months -> | F5: =Main!M26 -> 3
B7: {=_xlfn.STOCKHISTORY(C4,EDATE(TODAY(),-C5),TODAY())} -> Date | C7: Close | E7: {=_xlfn.STOCKHISTORY(F4,EDATE(TODAY(),-F5),TODAY())} -> Date | F7: Close
B8: 46034 | C8: 89.41 | E8: 46034 | F8: 448.96
B9: 46035 | C9: 90.32 | E9: 46035 | F9: 447.2
B10: 46036 | C10: 88.55 | E10: 46036 | F10: 439.2
B11: 46037 | C11: 88.05 | E11: 46037 | F11: 438.57
B12: 46038 | C12: 88 | E12: 46038 | F12: 437.5
B13: 46042 | C13: 87.26 | E13: 46042 | F13: 419.25
B14: 46043 | C14: 85.36 | E14: 46043 | F14: 431.44
B15: 46044 | C15: 83.54 | E15: 46044 | F15: 449.36
B16: 46045 | C16: 86.12 | E16: 46045 | F16: 449.06
B17: 46048 | C17: 85.7 | E17: 46048 | F17: 435.2
B18: 46049 | C18: 85.58 | E18: 46049 | F18: 430.9
B19: 46050 | C19: 84.64 | E19: 46050 | F19: 431.46
... B68: 46121 | C68: 102.05 | E68: 46121 | F68: 345.62
